City,Address
Toronto,6681 Comanche Park
Windsor,8 Golf View Street
Ottawa,7 Linden Crossing
Toronto,89 Victoria Parkway
Windsor,8 Elmside Pass
Ottawa,442 Forest Trail
Toronto,5508 Rigney Alley
Windsor,4 Forest Circle
Ottawa,483 Troy Center
Toronto,4413 Homewood Lane
Windsor,50703 Maple Junction
Ottawa,0 Spaight Center
Toronto,6547 Little Fleur Way
Windsor,3 Little Fleur Crossing
Ottawa,83 Anhalt Terrace
Toronto,0881 Manufacturers Junction
Windsor,155 Kensington Trail
Ottawa,610 Shasta Park
Toronto,0 Jenna Drive
Windsor,6683 Ilene Alley
Ottawa,9015 Veith Center
Toronto,70458 Esch Junction
Windsor,251 Gale Road
Ottawa,16 East Trail
Toronto,1 Dovetail Parkway
Windsor,74 Shasta Way
Ottawa,1 American Junction
Toronto,4675 Cottonwood Street
Windsor,10 Kipling Lane
Ottawa,9832 Hanson Court
Toronto,99282 Dakota Road
Windsor,261 Hooker Circle
Ottawa,0107 Corben Drive
Toronto,61172 Everett Way
Windsor,2675 Surrey Place
Ottawa,5 Arapahoe Junction
Toronto,1 Village Road
Windsor,63 Portage Center
Ottawa,0 Southridge Trail
Toronto,7873 Harbort Crossing
Windsor,443 Ohio Park
Ottawa,0439 Northview Alley
Toronto,4 Lakewood Lane
Windsor,43 Golf View Lane
Ottawa,18 Novick Street
Toronto,7 Comanche Junction
Windsor,032 Graceland Terrace
Ottawa,419 Lerdahl Park
Toronto,64537 Dovetail Place
Windsor,1826 Westridge Parkway
Ottawa,48111 Nancy Parkway
Toronto,1 Moland Center
Windsor,18 Karstens Terrace
Ottawa,597 Bunker Hill Terrace
Toronto,660 Luster Parkway
Windsor,15537 Jay Place
Ottawa,22 Grim Road
Toronto,9 Hermina Park
Windsor,1779 Vera Center
Ottawa,823 Starling Avenue
Toronto,1 Mcbride Park
Windsor,76 Rockefeller Hill
Ottawa,03 Welch Place
Toronto,58223 Nevada Circle
Windsor,757 Paget Alley
Ottawa,64 Tomscot Drive
Toronto,52 Eggendart Parkway
Windsor,0 Magdeline Center
Ottawa,371 Shelley Road
Toronto,311 Cody Parkway
Windsor,07 Bultman Road
Ottawa,0 Pine View Terrace
Toronto,598 Johnson Alley
Windsor,0 Porter Center
Ottawa,802 Mifflin Way
Toronto,60749 Elka Circle
Windsor,3653 Petterle Lane
Ottawa,9439 Linden Parkway
Toronto,668 Larry Lane
Windsor,321 Forest Run Parkway
Ottawa,046 Merry Way
Toronto,01 Dennis Center
Windsor,52519 West Junction
Ottawa,89 Sutherland Lane
Toronto,80989 Kipling Crossing
Windsor,707 Garrison Plaza
Ottawa,2 Canary Avenue
Toronto,06 Nelson Crossing
Windsor,616 School Terrace
Ottawa,5 Transport Park
Toronto,6684 Thierer Point
Windsor,85399 Merrick Park
Ottawa,63931 Westport Place
Toronto,02600 Lawn Circle
Windsor,59 Redwing Road
Ottawa,2892 Ronald Regan Alley
Toronto,2 Upham Court
Windsor,48925 Lukken Trail
Ottawa,68867 Golden Leaf Lane
Toronto,05 Butterfield Drive
